
{
  "feature": "arcane_nether_ore:arcane_essence_ore",
  "placement": [
    {
      "type": "minecraft:count",
      "count": 4
    },
    {
      "type": "minecraft:in_square"
    },
    {
      "type": "minecraft:height_range",
      "height": {
        "type": "minecraft:uniform",
        "max_inclusive": {
          "absolute": 55
        },
        "min_inclusive": {
          "absolute": 25
        }
      }
    },
    {
      "type": "minecraft:biome"
    }
  ]
}
